client_id,first,middle,last,phone,email
C00000001,Emma,Avaya,Smith,367-171-6840,emma.smith@gmail.com
C00000002,Noah,Everest,Thompson,212-423-7734,noah.thompson@gmail.com
C00000003,Olivia,Brooklynne,Johnson,212-425-6932,olivia.johnson@outlook.com
C00000004,Liam,Irvin,White,951-567-8925,liam.white@gmail.com
C00000005,Sophia,Danae,Williams,428-265-1568,sophia.williams@gmail.com
C00000006,Mason,Javen,Lopez,813-629-5038,mason.lopez7@gmail.com
C00000007,Jacob,Khai,Lee,836-845-8120,jacob.lee7@gmail.com
C00000008,Ava,Eliora,Brown,413-444-9280,ava.brown8@gmail.com
C00000009,William,Marek,Gonzalez,781-995-6192,william.marek.gonzalez@gmail.com
C00000010,Ethan,Veer,Harris,508-902-5510,ethan.harris9@gmail.com
C00000011,Isabella,Haidyn,Jones,508-688-6461,isabella.jones@hotmail.com
C00000012,James,Amauri,Clark,431-869-3807,james.clark9@gmail.com
C00000013,Mia,Hawa,Miller,840-168-6970,mia.miller@gmail.com
C00000014,Abigail,Inaaya,Davis,914-018-0811,abigail.davis5@gmail.com
C00000015,Emily,Joann,Garcia,556-415-7930,emily.garcia43@outlook.com
C00000016,Alexander,Bronx,Lewis,760-882-7015,alexander.lewis3@gmail.com
C00000017,Michael,Clifton,Robinson,914-238-1020,michael.robinson2@gmail.com
C00000018,Charlotte,Joi,Rodriguez,914-823-6406,charlotte.rodriguez2@gmail.com
C00000019,Benjamin,Denis,Walker,927-296-6436,benjamin.walker@gmail.com
C00000020,Elijah,Grayden,Perez,886-176-3524,elijah.perez@gmail.com
C00000021,Harper,Juno,Wilson,894-384-1832,harper.wilson@outlook.com
C00000022,Madison,Kimberlyn,Martinez,212-093-8170,madison.martinez@gmail.com
C00000023,Daniel,Isa,Hall,212-803-8384,daniel.hall67@gmail.com
C00000024,Amelia,Leora,Anderson,302-681-4855,amelia.anderson8@gmail.com
C00000025,Elizabeth,Lupita,Taylor,184-276-9486,elizabeth.taylor@gmail.com
C00000026,Sofia,Makaila,Thomas,660-390-7055,sofia.thomas@gmail.com
C00000027,Evelyn,Mari,Hernandez,407-745-6584,evelyn.mari.hernandez8@gmail.com
C00000028,Aiden,Jamil,Young,212-751-6276,aiden.young9@gmail.com
C00000029,Avery,Mildred,Moore,996-691-7268,avery.moore@hotmail.com
C00000030,Chloe,Odette,Martin,255-965-5392,chloe.martin8765@gmail.com
C00000031,Logan,Judd,Allen,452-935-2140,logan.allen4@gmail.com
C00000032,Matthew,Keyon,Sanchez,214-728-5200,matthew.sanchez3@gmail.com
C00000033,Ella,Triniti,Jackson,769-780-3102,ella.jackson4@outlook.com
C00000036,Grace,Emma,Thompson,530-856-5348,grace.thompson56@gmail.com
C00000037,Lucas,Korben,Wright,854-055-8899,lucas.wright5@gmail.com
C00000038,Victoria,Olivia,White,976-965-9681,victoria.white43@gmail.com
C00000039,Jackson,Rishaan,King,918-846-9875,jackson.king@gmail.com
C00000040,Aubrey,Sophia,Lopez,776-464-1839,aubrey.lopez@gmail.com
C00000041,David,Yousif,Scott,232-353-1692,david.scott@outlook.com
C00000042,Oliver,Bailey,Green,334-407-0626,oliver.green@gmail.com
C00000043,Jayden,Cedar,Baker,585-209-6726,jayden.baker4@gmail.com
C00000044,Scarlett,Ann,Lee,184-418-5826,scarlett.lee@gmail.com
C00000045,Joseph,Ely,Adams,786-924-4329,joseph.adams@gmail.com
C00000046,Zoey,Emma,Gonzalez,129-567-0397,zoey.gonzalez@gmail.com
C00000047,Gabriel,Jahlil,Nelson,914-406-1227,gabriel.jahlil.nelson@gmail.com
C00000048,Samuel,Koby,Hill,627-964-4534,samuel.hill@gmail.com
C00000049,Addison,Olivia,Harris,492-103-4485,addison.harris@hotmail.com
C00000050,Lily,Sophia,Clark,874-304-7236,lily.clark@gmail.com
C00000051,Lillian,Ava,Lewis,193-754-1578,lillian.lewis@gmail.com
C00000052,Carter,Markel,Ramirez,594-267-8218,carter.ramirez@gmail.com
C00000053,Anthony,Oskar,Campbell,123-412-3909,anthony.campbell@outlook.com
C00000055,Natalie,Isabella,Robinson,352-888-5607,natalie.robinson@gmail.com
C00000056,John,Rigoberto,Mitchell,943-306-4745,john.mitchell@gmail.com
C00000057,Hannah,Mia,Walker,410-131-4320,hannah.walker@gmail.com
C00000058,Aria,Abigail,Perez,212-621-0332,aria.perez@gmail.com
C00000059,Dylan,Tiberius,Roberts,212-616-4139,dylan.roberts@gmail.com
C00000060,Luke,Wolfgang,Carter,694-391-2679,luke.carter@outlook.com
C00000061,Layla,Emily,Hall,452-815-2646,layla.hall@gmail.com
C00000062,Henry,Chayce,Phillips,315-775-0721,henry.phillips@gmail.com
C00000063,Andrew,Deven,Evans,853-813-3217,andrew.evans@gmail.com
C00000064,Isaac,Levon,Turner,750-089-7210,isaac.turner@gmail.com
C00000065,Brooklyn,Charlotte,Young,716-102-4229,brooklyn.young@gmail.com
C00000066,Alexa,Harper,Allen,212-875-6847,alexa.harper.allen@gmail.com
C00000067,Zoe,Madison,Sanchez,254-359-7450,zoe.sanchez@gmail.com
C00000068,Christopher,Lloyd,Torres,798-103-7589,christopher.torres@hotmail.com
C00000070,Joshua,Carsyn,Parker,956-519-0084,joshua.parker@gmail.com
C00000071,Penelope,Amelia,Wright,365-143-7361,penelope.wright@gmail.com
C00000072,Wyatt,Devyn,Collins,542-643-2130,wyatt.collins@gmail.com
C00000073,Sebastian,Dov,Edwards,916-123-8829,sebastian.edwards@outlook.com
C00000074,Riley,Elizabeth,King,966-857-3250,riley.king@gmail.com
C00000075,Leah,Sofia,Scott,617-030-2759,leah.scott@gmail.com
C00000076,Audrey,Evelyn,Green,293-545-7588,audrey.green@gmail.com
C00000077,Savannah,Avery,Baker,212-996-3299,savannah.baker@gmail.com
C00000078,Allison,Chloe,Adams,206-534-4919,allison.adams@gmail.com
C00000079,Samantha,Ella,Nelson,192-898-8157,samantha.nelson@outlook.com
C00000080,Nora,Grace,Hill,914-011-1365,nora.hill@gmail.com
C00000081,Owen,Drayden,Stewart,427-771-2986,owen.stewart@gmail.com
C00000082,Skylar,Victoria,Ramirez,963-716-6263,skylar.ramirez@gmail.com
C00000083,Camila,Aubrey,Campbell,212-031-4727,camila.campbell@gmail.com
C00000084,Caleb,Floyd,Flores,212-946-7532,caleb.flores@gmail.com
C00000085,Nathan,Fynn,Morris,212-601-6414,nathan.fynn.morris@gmail.com
C00000086,Anna,Scarlett,Mitchell,212-302-5046,anna.mitchell@gmail.com
C00000087,Paisley,Zoey,Roberts,112-422-3285,paisley.roberts@hotmail.com
C00000089,Ariana,Addison,Carter,212-320-0620,ariana.carter@gmail.com
C00000090,Ryan,Jaron,Nguyen,917-017-6595,ryan.nguyen@gmail.com
C00000091,Jack,Kaius,Murphy,831-379-6638,jack.murphy@gmail.com
C00000092,Ellie,Lily,Phillips,485-505-9594,ellie.phillips@outlook.com
C00000093,Hunter,Kyran,Rivera,388-389-6102,hunter.rivera@gmail.com
C00000094,Levi,Laken,Cook,933-101-0725,levi.cook@gmail.com
C00000095,Aaliyah,Lillian,Evans,208-186-5708,aaliyah.evansw@gmail.com
C00000096,Christian,Monte,Rogers,708-773-3715,christian.rogers@gmail.com
C00000097,Jaxon,Stephon,Morgan,348-250-2252,jaxon.morgan@gmail.com
C00000098,Claire,Natalie,Turner,194-309-8767,claire.turner@outlook.com
C00000099,Julian,Britton,Peterson,805-269-0051,julian.peterson@gmail.com
C00000100,Violet,Hannah,Torres,912-067-2706,violet.torres@gmail.com
C00000101,Landon,Estevan,Cooper,294-252-5352,landon.cooper3@gmail.com
C00000102,Stella,Aria,Parker,181-988-1584,stella.parker@gmail.com
C00000103,Grayson,Johnnie,Reed,440-368-5820,grayson.reed45@gmail.com
C00000105,Jonathan,Jones,Bailey,255-585-1034,jonathan.jones.bailey66@gmail.com
C00000106,Sadie,Layla,Collins,735-784-3483,sadie.collins6@gmail.com
C00000107,Isaiah,Khari,Bell,212-795-3118,isaiah.bell2@hotmail.com
C00000108,Charles,Kyrin,Gomez,505-026-3653,charles.gomez2@gmail.com
C00000110,Mila,Brooklyn,Edwards,634-013-0057,mila.edwards2@gmail.com
C00000112,Thomas,Marcelino,Kelly,212-121-5550,thomas.kelly2@gmail.com
C00000113,Gabriella,Alexa,Stewart,212-540-6403,gabriella.stewart@outlook.com
C00000114,Lucy,Zoe,Flores,624-232-3244,lucy.flores3@gmail.com
C00000115,Aaron,Matheo,Howard,731-959-1602,aaron.howard567@gmail.com
C00000116,Eli,Olin,Ward,778-761-9826,eli.ward8@gmail.com
C00000117,Arianna,Penelope,Morris,481-866-1887,arianna.morris@gmail.com
C00000118,Connor,Arman,Cox,978-209-1646,connor.cox@gmail.com
C00000119,Kennedy,Riley,Nguyen,978-455-1920,kennedy.nguyen@outlook.com
C00000120,Jeremiah,Banks,Diaz,212-712-7618,jeremiah.diaz@gmail.com
C00000121,Sarah,Leah,Murphy,958-281-5227,sarah.murphy456@gmail.com
C00000122,Madelyn,Audrey,Rivera,886-432-0564,madelyn.rivera@gmail.com
C00000123,Cameron,Damoni,Richardson,679-738-5511,cameron.richardson2@gmail.com
C00000124,Josiah,Dev,Wood,774-647-0604,josiah.wood@gmail.com
C00000125,Adrian,Nazir,Watson,431-892-6138,adrian.nazir.watson3245@gmail.com
C00000126,Eleanor,Savannah,Cook,666-552-5596,eleanor.cook45@gmail.com
C00000127,Kaylee,Allison,Rogers,231-192-1790,kaylee.rogers4@hotmail.com
C00000128,Caroline,Samantha,Morgan,849-781-6183,caroline.morgan6@gmail.com
C00000129,Hazel,Nora,Peterson,517-452-4831,hazel.peterson7@gmail.com
C00000130,Colton,Yakov,Brooks,249-709-3187,colton.brooks88@gmail.com
C00000131,Hailey,Skylar,Cooper,719-766-1799,hailey.cooper@outlook.com
C00000132,Jordan,Domenic,Bennett,133-274-1580,jordan.bennett@gmail.com
C00000134,Brayden,Fischer,Gray,396-556-0077,brayden.gray@gmail.com
C00000135,Genesis,Camila,Reed,682-640-6565,genesis.reed@gmail.com
C00000136,Kylie,Anna,Bailey,978-722-6846,kylie.bailey@gmail.com
C00000137,Nicholas,Henley,James,781-112-2258,nicholas.james@gmail.com
C00000138,Autumn,Paisley,Bell,823-052-1885,autumn.bell@outlook.com
C00000139,Piper,Ariana,Gomez,297-775-1627,piper.gomez@gmail.com
C00000140,Robert,Maxon,Reyes,129-459-8762,robert.reyes@gmail.com
C00000141,Angel,Morris,Cruz,660-738-4405,angel.cruz@gmail.com
C00000142,Hudson,Raylen,Hughes,545-468-8110,hudson.hughes@gmail.com
C00000143,Lincoln,Saif,Price,206-797-2227,lincoln.price@gmail.com
C00000144,Evan,Stryker,Myers,617-418-3449,evan.stryker.myers@gmail.com
C00000145,Dominic,Yariel,Long,978-950-6914,dominic.long@gmail.com
C00000146,Maya,Ellie,Kelly,917-678-2836,maya.kelly3@hotmail.com
C00000147,Nevaeh,Aaliyah,Howard,227-130-5461,nevaeh.howard33@gmail.com
C00000148,Austin,Zaine,Foster,332-645-9533,austin.foster@gmail.com
C00000149,Gavin,Arnav,Sanders,978-736-6534,gavin.sanders2@gmail.com
C00000150,Serenity,Claire,Ward,432-235-7809,serenity.ward@outlook.com
C00000151,Peyton,Violet,Cox,413-851-1619,peyton.cox@gmail.com
C00000152,Mackenzie,Stella,Diaz,888-195-2257,mackenzie.diaz@gmail.com
C00000153,Bella,Sadie,Richardson,702-230-1685,bella.richardson@gmail.com
C00000154,Nolan,Austyn,Ross,833-497-8240,nolan.ross@gmail.com
C00000155,Eva,Mila,Wood,717-989-7187,eva.wood@gmail.com
C00000156,Taylor,Gabriella,Watson,711-889-0733,taylor.watson@outlook.com
C00000157,Naomi,Lucy,Brooks,788-598-3153,naomi.brooks@gmail.com
C00000158,Aubree,Arianna,Bennett,453-125-2846,aubree.bennett@gmail.com
C00000159,Parker,Azriel,Morales,119-423-3456,parker.morales@gmail.com
C00000160,Aurora,Kennedy,Gray,708-775-5257,aurora.gray@gmail.com
C00000161,Melanie,Sarah,James,488-733-1885,melanie.james@gmail.com
C00000162,Adam,Braxten,Powell,617-771-2656,adam.braxten.powell@gmail.com
C00000163,Chase,Caspian,Sullivan,190-702-8786,chase.sullivan@gmail.com
C00000164,Lydia,Madelyn,Reyes,786-037-1071,lydia.reyes@hotmail.com
C00000165,Jace,Damir,Russell,451-876-8255,jace.russell@gmail.com
C00000166,Brianna,Eleanor,Cruz,327-683-0630,brianna.cruz@gmail.com
C00000167,Ruby,Kaylee,Hughes,518-520-3878,ruby.hughes@gmail.com
C00000168,Katherine,Caroline,Price,891-470-9210,katherine.price@outlook.com
C00000169,Ian,Dwight,Ortiz,441-222-0909,ian.ortiz@gmail.com
C00000170,Ashley,Hazel,Myers,946-045-8160,ashley.myers@gmail.com
C00000171,Cooper,Jasiel,Jenkins,413-478-2565,cooper.jenkins@gmail.com
C00000172,Alexis,Hailey,Long,413-479-0025,alexis.long@gmail.com
C00000173,Alice,Genesis,Foster,626-167-5233,alice.foster@gmail.com
C00000174,Easton,Javian,Gutierrez,924-761-7943,easton.gutierrez@outlook.com
C00000175,Kevin,Maddex,Perry,433-465-6931,kevin.perry@gmail.com
C00000176,Jose,Rio,Butler,756-363-9393,jose.butler@gmail.com
C00000178,Tyler,Yasin,Barnes,388-129-0151,tyler.barnes@gmail.com
C00000179,Brandon,Dewayne,Fisher,822-121-5569,brandon.fisher4@gmail.com
C00000180,Asher,Kylar,Henderson,313-346-5449,asher.henderson5@gmail.com
C00000181,Jaxson,Mattias,Coleman,914-449-6685,jaxson.mattias.coleman@gmail.com
C00000182,Cora,Kylie,Sanders,914-347-0917,cora.sanders@gmail.com
C00000183,Julia,Autumn,Ross,212-132-0634,julia.ross@hotmail.com
C00000184,Mateo,Mickey,Simmons,212-541-1863,mateo.simmons@gmail.com
C00000185,Jason,Montgomery,Patterson,315-069-7061,jason.patterson@gmail.com
C00000186,Madeline,Piper,Morales,918-500-4113,madeline.morales@gmail.com
C00000187,Ayden,Ransom,Jordan,508-355-1545,ayden.jordan@outlook.com
C00000188,Zachary,Shaurya,Reynolds,362-678-0939,zachary.reynolds@gmail.com
C00000189,Carson,Trevon,Hamilton,839-321-5466,carson.hamilton@gmail.com
C00000190,Faith,Maya,Powell,327-565-9871,faith.powell@gmail.com
C00000191,Xavier,Vernon,Graham,765-570-0787,xavier.graham@gmail.com
C00000192,Leo,Wilmer,Kim,280-053-4123,leo.kim@gmail.com
C00000193,Ezra,Zakai,Gonzales,212-479-1897,ezra.gonzales@outlook.com
C00000194,Annabelle,Nevaeh,Sullivan,888-470-8725,annabelle.sullivan@gmail.com
C00000195,Bentley,Gareth,Alexander,955-434-4507,bentley.alexander@gmail.com
C00000196,Alyssa,Serenity,Russell,576-725-9278,alyssa.russell@gmail.com
C00000197,Sawyer,Henri,Ramos,319-313-6181,sawyer.ramos@gmail.com
C00000198,Kayden,Ilan,Wallace,781-370-0647,kayden.wallace@gmail.com
C00000199,Blake,Kace,Griffin,824-777-7537,blake.kace.griffin@gmail.com
C00000200,Isabelle,Peyton,Ortiz,295-656-8047,isabelle.ortiz@gmail.com
C00000201,Vivian,Mackenzie,Jenkins,384-877-3046,vivian.jenkins@hotmail.com
C00000202,Gianna,Bella,Gutierrez,428-424-6869,gianna.gutierrez@gmail.com
C00000203,Nathaniel,Kasey,West,754-863-9022,nathaniel.west@gmail.com
C00000204,Quinn,Eva,Perry,695-797-7653,quinn.perry@gmail.com
C00000205,Clara,Taylor,Butler,289-962-7503,clara.butler@outlook.com
C00000206,Reagan,Naomi,Barnes,617-068-2284,reagan.barnes@gmail.com
C00000207,Ryder,Kelly,Cole,570-042-0977,ryder.cole@gmail.com
C00000208,Khloe,Aubree,Fisher,418-031-5599,khloe.fisher@gmail.com
C00000209,Theodore,Klayton,Hayes,431-846-0245,theodore.hayes@gmail.com
C00000210,Elias,Maximillian,Chavez,551-696-8238,elias.chavez@gmail.com
C00000211,Alexandra,Aurora,Henderson,907-484-6912,alexandra.henderson@outlook.com
C00000212,Tristan,Myron,Gibson,195-225-2296,tristan.gibson@gmail.com
C00000215,Roman,Terence,Bryant,617-618-0272,roman.bryant@gmail.com
C00000216,Leonardo,Zaidyn,Ellis,212-108-0152,leonardo.ellis@gmail.com
C00000217,Hadley,Melanie,Coleman,617-713-4706,hadley.coleman@gmail.com
C00000218,Eliana,Lydia,Simmons,212-844-7393,eliana.simmons@gmail.com
C00000219,Sophie,Brianna,Patterson,781-525-8683,sophie.brianna.patterson@gmail.com
C00000221,London,Ruby,Jordan,294-689-4641,london.jordan@gmail.com
C00000222,Elena,Katherine,Reynolds,788-660-3215,elena.reynolds@hotmail.com
C00000223,Kimberly,Ashley,Hamilton,764-233-4225,kimberly.hamilton@gmail.com
C00000224,Camden,Alexavier,Stevens,315-517-3965,camden.stevens@gmail.com
C00000225,Brody,Ambrose,Murray,839-290-0793,brody.murray@gmail.com
C00000226,Luis,Amias,Ford,212-066-3422,luis.ford@outlook.com
C00000227,Bailey,Alexis,Graham,336-342-4327,bailey.graham@gmail.com
C00000228,Maria,Alice,Kim,508-302-4173,maria.kim@gmail.com
C00000229,Miles,Anas,Marshall,914-267-5754,miles.marshall@gmail.com
C00000230,Luna,Cora,Gonzales,742-521-6245,luna.gonzales@gmail.com
C00000231,Micah,Aryeh,Owens,231-569-3654,micah.owens@gmail.com
C00000232,Willow,Julia,Alexander,978-864-4093,willow.alexander@outlook.com
C00000233,Jasmine,Madeline,Ramos,978-890-6513,jasmine.ramos@gmail.com
C00000234,Vincent,Brigham,Mcdonald,978-955-4330,vincent.mcdonald@gmail.com
C00000235,Kinsley,Faith,Wallace,737-683-9168,kinsley.wallace@gmail.com
C00000236,Justin,Fred,Harrison,476-086-6032,justin.harrison@gmail.com
C00000237,Valentina,Annabelle,Griffin,696-220-2526,valentina.griffin@gmail.com
C00000238,Kayla,Alyssa,West,996-793-3115,kayla.alyssa.west@gmail.com
C00000239,Delilah,Isabelle,Cole,212-712-8706,delilah.cole@gmail.com
C00000240,Andrea,Vivian,Hayes,642-190-5684,andrea.hayes@hotmail.com
C00000241,Greyson,Irving,Ruiz,674-103-6839,greyson.ruiz@gmail.com
C00000242,Natalia,Gianna,Chavez,446-959-1855,natalia.chavez@gmail.com
C00000243,Declan,Jakobi,Kennedy,842-418-5837,declan.kennedy@gmail.com
C00000246,Lauren,Quinn,Gibson,614-478-5366,lauren.gibson@outlook.com
C00000247,Maxwell,Jaquan,Wells,212-551-3434,maxwell.wells@gmail.com
C00000248,Morgan,Clara,Bryant,508-169-5142,morgan.bryant@gmail.com
C00000249,Juan,Kyng,Alvarez,508-336-8801,juan.alvarez@gmail.com
C00000250,Rylee,Reagan,Ellis,389-233-5270,rylee.ellis@gmail.com
C00000251,Sydney,Khloe,Stevens,859-373-2628,sydney.stevens@gmail.com
C00000252,Adalynn,Alexandra,Murray,174-123-7601,adalynn.murray@outlook.com
C00000253,Mary,Hadley,Ford,508-683-6142,mary.ford@gmail.com
C00000254,Cole,Kyzer,Woods,918-677-6649,cole.woods@gmail.com
C00000255,Ximena,Eliana,Marshall,427-242-4285,ximena.marshall@gmail.com
C00000256,Jade,Sophie,Owens,882-664-3160,jade.owens@gmail.com
C00000257,Liliana,London,Mcdonald,242-585-6103,liliana.mcdonald@gmail.com
C00000258,Damian,Lester,Mendoza,679-001-2022,damian.lester.mendoza@gmail.com
C00000259,Carlos,Marko,Castillo,597-667-2147,carlos.castillo@gmail.com
C00000260,Brielle,Elena,Harrison,637-172-2074,brielle.harrison@hotmail.com
C00000261,Ivy,Kimberly,Ruiz,631-216-0148,ivy.ruiz@gmail.com
C00000262,Max,Mauro,Olson,315-907-1267,max.olson@gmail.com
C00000263,Harrison,Niklaus,Webb,592-749-2321,harrison.webb@gmail.com
C00000264,Weston,Osiris,Washington,522-552-4466,weston.washington@outlook.com
C00000265,Trinity,Bailey,Kennedy,197-996-9564,trinity.kennedy@gmail.com
C00000266,Josephine,Maria,Wells,724-610-1022,josephine.wells@gmail.com
C00000267,Brantley,Steele,Tucker,673-163-0203,brantley.tucker@gmail.com
C00000268,Adalyn,Luna,Alvarez,707-796-6541,adalyn.alvarez@gmail.com
C00000269,Jocelyn,Willow,Woods,738-714-3622,jocelyn.woods@gmail.com
C00000270,Braxton,Braulio,Freeman,870-443-7677,braxton.freeman@outlook.com
C00000271,Emery,Jasmine,Mendoza,994-963-0629,emery.mendoza@gmail.com
C00000272,Adeline,Kinsley,Castillo,734-957-9372,adeline.castillo@gmail.com
C00000273,Jordyn,Valentina,Olson,247-742-4550,jordyn.olson@gmail.com
C00000274,Ariel,Kayla,Webb,328-503-7164,ariel.webb@gmail.com
C00000275,Everly,Delilah,Washington,212-213-2055,everly.washington@gmail.com
C00000276,Axel,Efren,Burns,212-479-2750,axel.efren.burns@gmail.com
C00000277,Lilly,Andrea,Tucker,212-859-0987,lilly.tucker@gmail.com
C00000278,Paige,Natalia,Freeman,659-001-4298,paige.freeman@hotmail.com
C00000279,Diego,Eithan,Henry,673-097-6921,diego.henry@gmail.com
C00000280,Isla,Lauren,Burns,143-512-9937,isla.burns@gmail.com
C00000282,Lyla,Morgan,Henry,532-274-1237,lyla.henry@gmail.com
C00000283,Abel,Evander,Vasquez,421-487-4481,abel.vasquez@outlook.com
C00000284,Wesley,Gianluca,Snyder,311-381-7297,wesley.snyder@gmail.com
C00000285,Santiago,Khaled,Simpson,762-058-5335,santiago.simpson@gmail.com
C00000286,Makayla,Rylee,Vasquez,764-948-4169,makayla.vasquez@gmail.com
C00000287,Jesus,Luther,Crawford,716-179-4777,jesus.crawford@gmail.com
C00000288,Silas,Osman,Jimenez,134-599-2022,silas.jimenez@gmail.com
C00000289,Giovanni,Ash,Porter,313-211-5754,giovanni.porter@outlook.com
C00000290,Bryce,Beaux,Mason,602-063-8838,bryce.mason@gmail.com
C00000291,Molly,Sydney,Snyder,332-131-6800,molly.snyder@gmail.com
C00000292,Emilia,Adalynn,Simpson,561-912-3585,emilia.simpson@gmail.com
C00000293,Jayce,Bjorn,Shaw,978-520-8111,jayce.shaw@gmail.com
C00000294,Bryson,Chester,Gordon,508-667-3149,bryson.gordon@gmail.com
C00000295,Alex,Denim,Wagner,567-122-8082,alex.denim.wagner@gmail.com
C00000296,Everett,Ender,Hunter,617-595-3809,everett.hunter@gmail.com
C00000297,Mya,Mary,Crawford,617-879-7525,mya.crawford@hotmail.com
C00000298,George,Jaidyn,Romero,617-222-8348,george.romero@gmail.com
C00000300,Kendall,Ximena,Jimenez,212-892-4981,kendall.jimenez@gmail.com
C00000301,Eric,Jaleel,Hicks,962-197-6691,eric.hicks@gmail.com
C00000302,Ivan,Jariel,Dixon,617-820-3734,ivan.dixon4@outlook.com
C00000303,Emmett,Jayvon,Hunt,681-981-1762,emmett.hunt4@gmail.com
C00000304,Melody,Jade,Porter,101-281-4226,melody.porter229@gmail.com
C00000305,Kaiden,Jordon,Palmer,948-418-8278,kaiden.palmer115@gmail.com
C00000308,Isabel,Liliana,Mason,547-229-6091,isabel.mason@outlook.com
C00000309,Brooke,Brielle,Shaw,189-545-5559,brooke.shaw@gmail.com
C00000310,Ashton,Jovanny,Robertson,726-281-9507,ashton.robertson@outlook.com
C00000311,Mckenzie,Ivy,Gordon,886-301-9690,mckenzie.gordon@gmail.com
C00000312,Kingston,Korey,Black,793-418-9870,kingston.black48@hotmail.com
C00000313,Nicole,Trinity,Wagner,955-233-2808,nicole.wagner@gmail.com
C00000314,Jonah,Mahdi,Holmes,183-315-3173,jonah.holmes@gmail.com
C00000315,Jameson,Roan,Stone,459-166-8591,jameson.stone@outlook.com
C00000316,Kai,Ryatt,Meyer,585-383-5679,kai.ryatt.meyer3@gmail.com
C00000317,Payton,Josephine,Hunter,759-824-1019,payton.hunter@gmail.com
C00000318,Margaret,Adalyn,Romero,379-721-8570,margaret.romero3@hotmail.com
C00000319,Mariah,Jocelyn,Hicks,401-537-2432,mariah.hicks@outlook.com
C00000320,Maddox,Theron,Boyd,668-565-1868,maddox.boyd@yahoo.com
C00000321,Eden,Emery,Dixon,963-603-8210,eden.dixon@gmail.com
C00000322,Timothy,Zamari,Mills,103-492-9893,timothy.mills@gmail.com
C00000323,Athena,Adeline,Hunt,842-062-5013,athena.hunt@outlook.com
C00000324,Ezekiel,Abdulaziz,Warren,279-443-7776,ezekiel.warren@gmail.com
C00000325,Ryker,Azaiah,Fox,697-821-2985,ryker.fox@outlook.com
C00000326,Amy,Jordyn,Palmer,661-373-6773,amy.palmer@gmail.com
C00000327,Emmanuel,Bryden,Rose,645-393-5711,emmanuel.rose@hotmail.com
C00000328,Norah,Ariel,Robertson,212-576-9083,norah.robertson4@gmail.com
C00000329,Hayden,Gentry,Rice,451-935-8233,hayden.rice5@gmail.com
C00000330,Londyn,Everly,Black,617-036-7428,londyn.black@outlook.com
C00000331,Antonio,Jaysen,Moreno,212-751-9624,antonio.jaysen.moreno6@gmail.com
C00000332,Bennett,Kaisen,Schmidt,407-343-2336,bennett.schmidt@gmail.com
C00000333,Steven,Ryden,Patel,242-207-1690,steven.patel7@hotmail.com
C00000334,Richard,Zachery,Ferguson,603-250-9108,richard.ferguson7@outlook.com
C00000335,Valeria,Lilly,Holmes,939-272-5637,valeria.holmes8@yahoo.com
C00000336,Sara,Paige,Stone,236-061-6362,sara.stone@gmail.com
C00000337,Jude,Aurelio,Nichols,127-482-9706,jude.nichols9@gmail.com
C00000338,Aliyah,Isla,Meyer,568-123-5924,aliyah.meyer@outlook.com
C00000339,Luca,Dontae,Herrera,212-122-0806,luca.herrera@gmail.com
C00000340,Angelina,Lyla,Boyd,212-728-8894,angelina.boyd@outlook.com
C00000341,Edward,Ezrah,Medina,978-588-1387,edward.medina@gmail.com
C00000342,Gracie,Makayla,Mills,978-413-0205,gracie.mills43@hotmail.com
C00000343,Joel,Fidel,Ryan,501-858-1568,joel.ryan3@gmail.com
C00000344,Rose,Molly,Warren,722-196-3699,rose.warren2@gmail.com
C00000345,Victor,Heriberto,Fernandez,114-621-9126,victor.fernandez2@outlook.com
C00000346,Rachel,Emilia,Fox,342-397-4850,rachel.emilia.fox@gmail.com
C00000347,Miguel,Hyrum,Weaver,617-497-6254,miguel.weaver@gmail.com
C00000348,Juliana,Mya,Rose,617-023-8041,juliana.rose4@hotmail.com
C00000349,Laila,Kendall,Rice,533-287-0517,laila.rice5@outlook.com
C00000350,Brooklynn,Melody,Moreno,503-127-5614,brooklynn.moreno67@yahoo.com
C00000351,Malachi,Shea,Daniels,212-584-4453,malachi.daniels@gmail.com
C00000352,King,Yazan,Stephens,617-286-2678,king.stephens@gmail.com
C00000353,Patrick,Zyler,Gardner,676-023-8105,patrick.gardner@outlook.com
C00000354,Valerie,Isabel,Schmidt,571-699-4951,valerie.schmidt@gmail.com
C00000355,Kaleb,Arnold,Payne,981-878-8413,kaleb.payne@outlook.com
C00000356,Alina,Brooke,Patel,212-516-6720,alina.patel@gmail.com
C00000357,Bryan,Kacen,Kelley,212-262-1523,bryan.kelley@hotmail.com
C00000358,Reese,Mckenzie,Ferguson,639-291-0584,reese.ferguson@gmail.com
C00000359,Alan,Micaiah,Dunn,431-433-6867,alan.dunn@gmail.com
C00000360,Marcus,Neel,Pierce,665-235-5225,marcus.pierce4@outlook.com
C00000361,Elise,Nicole,Nichols,827-598-1940,elise.nicole.nichols5@gmail.com
C00000362,Eliza,Payton,Herrera,308-252-0678,eliza.herrera@gmail.com
C00000363,Preston,Patricio,Arnold,503-190-2800,preston.arnold6@hotmail.com
C00000364,Alaina,Margaret,Medina,372-198-6139,alaina.medina@outlook.com
C00000365,Abraham,Tremaine,Tran,212-082-8941,abraham.tran7@yahoo.com
C00000366,Raelynn,Mariah,Ryan,212-737-2197,raelynn.ryan7@gmail.com
C00000367,Leilani,Eden,Fernandez,781-619-9551,leilani.fernandez8@gmail.com
C00000368,Calvin,Zayvion,Spencer,781-477-2262,calvin.spencer@outlook.com
C00000369,Catherine,Athena,Weaver,905-907-3508,catherine.weaver@gmail.com
C00000370,Emerson,Amy,Daniels,617-133-4675,emerson.daniels@outlook.com
C00000371,Colin,Aiyden,Peters,167-638-1741,colin.peters@gmail.com
C00000372,Bradley,Andrey,Hawkins,897-760-9350,bradley.hawkins@hotmail.com
C00000373,Jeremy,Arrow,Grant,250-085-3063,jeremy.grant5@gmail.com
C00000374,Kyle,Cam,Hansen,378-614-4740,kyle.hansen43@gmail.com
C00000375,Cecilia,Norah,Stephens,508-906-6051,cecilia.stephens3@outlook.com
C00000376,Genevieve,Londyn,Gardner,227-878-8752,genevieve.londyn.gardner2@gmail.com
C00000378,Graham,Carlton,Castro,716-327-7582,graham.castro2@gmail.com
C00000379,Daisy,Valeria,Payne,716-734-6453,daisy.payne@hotmail.com
C00000380,Grant,Donavan,Hoffman,365-081-2758,grant.hoffman@outlook.com
C00000381,Harmony,Sara,Kelley,567-902-1458,harmony.kelley4@yahoo.com
C00000382,Jesse,Eliam,Hart,460-736-0099,jesse.hart5@gmail.com
C00000383,Vanessa,Aliyah,Dunn,959-339-4547,vanessa.dunn67@gmail.com
C00000384,Kaden,Ervin,Elliott,668-716-0845,kaden.elliott@outlook.com
C00000385,Alejandro,Fredy,Cunningham,428-628-9845,alejandro.cunningham@hotmail.com
C00000386,Oscar,Kenan,Knight,520-834-4763,oscar.knight@outlook.com
C00000387,Jase,Lyam,Bradley,914-589-8440,jase.bradley@yahoo.com
C00000388,Adriana,Angelina,Pierce,968-407-7727,adriana.pierce@gmail.com
C00000389,Presley,Gracie,Arnold,702-154-3232,presley.arnold@gmail.com
C00000390,Rebecca,Rose,Tran,211-771-4957,rebecca.tran@outlook.com
C00000391,Destiny,Rachel,Spencer,918-665-8581,destiny.spencer@gmail.com
C00000392,Hayden,Juliana,Peters,934-532-0080,hayden.peters@outlook.com
C00000393,Karter,Phineas,Carroll,924-632-4334,karter.carroll@gmail.com
C00000394,Julianna,Laila,Hawkins,858-376-0830,julianna.hawkins4@hotmail.com
C00000395,Maverick,Riker,Hudson,167-383-4060,maverick.hudson229@gmail.com
C00000396,Aidan,Tariq,Duncan,212-569-8955,aidan.duncan115@gmail.com
C00000397,Tucker,Vito,Armstrong,585-597-3416,tucker.armstrong@outlook.com
C00000398,Michelle,Brooklynn,Grant,508-287-4503,michelle.brooklynn.grant@gmail.com
C00000399,Avery,Advik,Berry,391-921-1998,avery.berry@gmail.com
C00000400,Amir,Daxon,Andrews,212-677-1436,amir.andrews@hotmail.com
C00000401,Adelyn,Valerie,Hansen,212-115-1485,adelyn.hansen48@outlook.com
C00000402,Brian,Eitan,Johnston,863-826-5826,brian.johnston@yahoo.com
C00000403,Arabella,Alina,Castro,405-771-6657,arabella.castro@gmail.com
C00000404,Iker,Ethen,Ray,820-484-9449,iker.ray@gmail.com
C00000405,Summer,Reese,Hoffman,617-529-2738,summer.hoffman@outlook.com
C00000406,Matteo,Glen,Lane,301-721-1727,matteo.lane@hotmail.com
C00000407,Callie,Elise,Hart,401-725-5865,callie.hart3@outlook.com
C00000408,Kaitlyn,Eliza,Elliott,947-152-7466,kaitlyn.elliott@yahoo.com
C00000409,Caden,Ike,Riley,338-688-3943,caden.riley@gmail.com
C00000410,Zayden,Jan,Carpenter,160-295-9647,zayden.carpenter@gmail.com
C00000411,Ryleigh,Alaina,Cunningham,545-936-4133,ryleigh.cunningham@outlook.com
C00000412,Riley,Jaxyn,Perkins,932-278-5102,riley.perkins@gmail.com
C00000413,Lila,Raelynn,Knight,805-823-7338,lila.knight@outlook.com
C00000414,Daniela,Leilani,Bradley,488-977-5369,daniela.bradley@gmail.com
C00000415,August,Jerimiah,Aguilar,664-762-0687,august.aguilar@hotmail.com
C00000416,Arya,Catherine,Carroll,212-326-9187,arya.carroll@gmail.com
C00000417,Mark,Jhett,Silva,212-127-8460,mark.silva4@gmail.com
C00000418,Maximus,Kenyon,Richards,129-802-4406,maximus.richards5@outlook.com
C00000419,Alana,Emerson,Hudson,373-522-8282,alana.emerson.hudson@gmail.com
C00000420,Brady,Ryley,Willis,201-725-8235,brady.willis6@gmail.com
C00000421,Kenneth,Talan,Matthews,595-127-5348,kenneth.matthews@hotmail.com
C00000422,Paul,Valor,Chapman,978-912-7413,paul.chapman7@outlook.com
C00000423,Jaden,Westen,Lawrence,783-668-6208,jaden.lawrence7@yahoo.com
C00000424,Nicolas,Agastya,Garza,212-941-2971,nicolas.garza8@gmail.com
C00000425,Beau,Arius,Vargas,344-503-6694,beau.vargas@gmail.com
C00000426,Dean,Ayush,Watkins,875-406-6833,dean.watkins@outlook.com
C00000427,Esther,Cecilia,Duncan,925-610-3704,esther.duncan@hotmail.com
C00000428,Finley,Genevieve,Armstrong,873-059-4558,finley.armstrong9@outlook.com
C00000429,Gabrielle,Daisy,Berry,716-331-7512,gabrielle.berry@yahoo.com
C00000430,Jake,Caeden,Wheeler,670-467-6917,jake.wheeler5@gmail.com
C00000431,Jessica,Harmony,Andrews,964-389-4727,jessica.andrews43@gmail.com
C00000432,Charlie,Vanessa,Johnston,617-567-0169,charlie.johnston@outlook.com
C00000433,Peter,Edmond,Larson,133-059-9668,peter.larson@gmail.com
C00000434,Stephanie,Adriana,Ray,677-586-2576,stephanie.ray@outlook.com
C00000435,Xander,Hampton,Carlson,906-980-7322,xander.carlson@gmail.com
C00000436,Elliot,Ibraheem,Harper,822-846-9860,elliot.harper@hotmail.com
C00000437,Tessa,Presley,Lane,466-525-7248,tessa.lane4@gmail.com
C00000438,Finn,Jayveon,George,395-435-0289,finn.george5@gmail.com
C00000439,Makenzie,Rebecca,Riley,413-079-2815,makenzie.riley67@outlook.com
C00000440,Ana,Destiny,Carpenter,954-455-9367,ana.destiny.carpenter@gmail.com
C00000441,Derek,Jed,Greene,212-826-4119,derek.greene@gmail.com
C00000442,Amaya,Hayden,Perkins,212-490-3508,amaya.perkins@hotmail.com
C00000443,Sean,Kellin,Burke,212-728-0370,sean.burke@outlook.com
C00000444,Alexandria,Julianna,Aguilar,554-074-7620,alexandria.aguilar@yahoo.com
C00000445,Alivia,Michelle,Silva,212-610-8847,alivia.silva@gmail.com
C00000446,Cayden,Knowledge,Guzman,212-989-6275,cayden.guzman@gmail.com
C00000447,Elliott,Kollin,Morrison,791-967-3186,elliott.morrison@outlook.com
C00000448,Nova,Adelyn,Richards,315-552-3901,nova.richards@hotmail.com
C00000450,Jax,Michelangelo,Munoz,185-595-8511,jax.munoz4@outlook.com
C00000451,Jasper,Rhyder,Jacobs,723-418-4078,jasper.jacobs5@yahoo.com
C00000452,Anastasia,Arabella,Willis,978-199-8125,anastasia.willis@gmail.com
C00000453,Lorenzo,Sanjay,Obrien,383-652-9655,lorenzo.obrien6@gmail.com
C00000454,Iris,Summer,Matthews,414-424-4747,iris.matthews@outlook.com
C00000455,Omar,Tenzin,Lawson,502-764-8294,omar.lawson@gmail.com
C00000456,Beckett,Wendell,Franklin,864-899-3917,beckett.franklin@outlook.com
C00000457,Rowan,Zakary,Lynch,267-616-6392,rowan.lynch@gmail.com
C00000458,Gael,Ammon,Bishop,930-438-1649,gael.bishop@hotmail.com
C00000459,Marley,Callie,Chapman,153-294-9111,marley.chapman9@gmail.com
C00000461,Fiona,Kaitlyn,Lawrence,548-340-9401,fiona.lawrence@gmail.com
C00000462,Corbin,Andrei,Carr,909-733-7191,corbin.carr9@outlook.com
C00000463,Waylon,Augustin,Salazar,649-394-9463,waylon.augustin.salazar@gmail.com
C00000464,Angela,Ryleigh,Garza,647-833-1347,angela.garza5@gmail.com
C00000465,Myles,Breck,Austin,516-194-9203,myles.austin43@hotmail.com
C00000466,Giselle,Lila,Vargas,212-399-6077,giselle.vargas3@outlook.com
C00000467,Tanner,Calum,Mendez,212-369-2179,tanner.mendez2@yahoo.com
C00000468,Jorge,Chayton,Gilbert,738-397-9746,jorge.gilbert2@gmail.com
C00000469,Kate,Daniela,Watkins,617-307-7001,kate.watkins@gmail.com
C00000470,Alayna,Arya,Wheeler,655-104-1841,alayna.wheeler@outlook.com
C00000471,Javier,Conley,Jensen,248-779-0717,javier.jensen4@hotmail.com
C00000472,Zion,Damani,Williamson,395-986-3749,zion.williamson5@outlook.com
C00000473,Lola,Alana,Larson,212-864-3548,lola.larson67@yahoo.com
C00000474,Andres,Dmitri,Montgomery,570-693-8068,andres.montgomery@gmail.com
C00000476,Lucia,Esther,Carlson,212-794-4478,lucia.carlson@gmail.com
C00000477,Charlie,Eliott,Harvey,212-763-9442,charlie.harvey@outlook.com
C00000478,Paxton,Filip,Oliver,778-956-9336,paxton.oliver@gmail.com
C00000479,Emiliano,Finnigan,Howell,671-446-6566,emiliano.howell@outlook.com
C00000480,Juliette,Finley,Harper,431-064-8325,juliette.harper@gmail.com
C00000481,Brooks,Giorgio,Dean,978-718-3993,brooks.dean@hotmail.com
C00000482,Parker,Gabrielle,George,978-644-5179,parker.george@gmail.com
C00000483,Zane,Isidro,Hanson,212-451-6206,zane.hanson@gmail.com
C00000484,Teagan,Jessica,Greene,322-519-4555,teagan.greene@outlook.com
C00000485,Simon,Jaheim,Weber,627-563-5950,simon.jaheim.weber4@gmail.com
C00000486,Judah,Jaxsyn,Garrett,478-749-3447,judah.garrett4@gmail.com
C00000487,Sienna,Charlie,Burke,212-457-1985,sienna.burke229@hotmail.com
C00000488,Griffin,Konrad,Sims,212-468-9158,griffin.sims115@outlook.com
C00000489,Cody,Landan,Burton,752-960-3642,cody.burton@yahoo.com
C00000490,Gunner,Omer,Fuller,978-477-3144,gunner.fuller@gmail.com
C00000491,Dawson,Renzo,Soto,815-185-3445,dawson.soto@gmail.com
C00000492,Israel,Taha,Mccoy,261-720-6997,israel.mccoy@outlook.com
C00000493,Georgia,Stephanie,Guzman,182-279-1817,georgia.guzman48@hotmail.com
C00000494,Rylan,Treyvon,Welch,212-435-6251,rylan.welch@outlook.com
C00000495,Hope,Tessa,Morrison,547-198-0119,hope.morrison@yahoo.com
C00000496,Cali,Makenzie,Munoz,297-701-1852,cali.munoz@gmail.com
C00000497,Gage,Tyrus,Chen,724-706-0295,gage.chen3@gmail.com
C00000498,Vivienne,Ana,Jacobs,621-599-1002,vivienne.jacobs@outlook.com
C00000499,Izabella,Amaya,Obrien,912-317-3735,izabella.obrien@gmail.com
C00000500,Messiah,Witten,Schultz,212-043-5065,messiah.schultz@outlook.com
C00000501,River,Yusef,Walters,119-114-4883,river.walters@gmail.com
C00000502,Kameron,Abbas,Reid,734-115-6049,kameron.reid@hotmail.com
C00000503,Stephen,Ayub,Fields,957-435-1122,stephen.fields@gmail.com
C00000504,Francisco,Barron,Walsh,216-336-1409,francisco.walsh@gmail.com
C00000505,Clayton,Bradlee,Little,264-410-1092,clayton.little@outlook.com
C00000506,Zander,Cartier,Fowler,585-038-7241,zander.cartier.fowler@gmail.com
C00000507,Chance,Eben,Bowman,585-586-3733,chance.bowman@gmail.com
C00000508,Eduardo,Evin,Davidson,407-173-7652,eduardo.davidson@hotmail.com
C00000509,Spencer,Flint,May,275-985-0803,spencer.may4@outlook.com
C00000510,Lukas,Hiro,Day,196-387-2621,lukas.day5@yahoo.com
C00000511,Damien,Isael,Schneider,617-197-2688,damien.schneider@gmail.com
C00000512,Kinley,Alexandria,Lawson,781-842-4510,kinley.lawson6@gmail.com
C00000513,Daleyza,Alivia,Franklin,480-963-2030,daleyza.franklin@outlook.com
C00000514,Dallas,Jaiceon,Newman,428-267-9540,dallas.newman7@hotmail.com
C00000515,Conner,Jarrod,Brewer,212-481-8596,conner.brewer7@outlook.com
C00000516,Kylee,Nova,Lynch,212-862-9818,kylee.lynch8@yahoo.com
C00000517,Travis,Jaziah,Lucas,523-865-2635,travis.lucas@gmail.com
C00000518,Jayla,Anastasia,Bishop,303-437-3114,jayla.bishop9@gmail.com
C00000519,Knox,Johnson,Holland,807-503-5468,knox.holland@outlook.com
C00000520,Katelyn,Iris,Carr,429-375-5152,katelyn.carr@gmail.com
C00000521,Raymond,Juancarlos,Wong,978-277-2764,raymond.wong@outlook.com
C00000522,Juliet,Marley,Salazar,212-937-9000,juliet.salazar@gmail.com
C00000523,Peyton,Juanpablo,Banks,229-651-5918,peyton.banks43@hotmail.com
C00000524,Maggie,Fiona,Austin,975-092-7645,maggie.austin3@gmail.com
C00000525,Devin,Kharter,Santos,659-887-1102,devin.santos2@gmail.com
C00000526,Felix,Masiah,Curtis,827-780-8950,felix.curtis2@outlook.com
C00000527,Dakota,Angela,Mendez,260-428-7959,dakota.angela.mendez@gmail.com
C00000528,Jayceon,Oziel,Pearson,811-416-8245,jayceon.pearson@gmail.com
C00000529,Collin,Sahil,Delgado,978-210-2726,collin.delgado4@hotmail.com
C00000530,Delaney,Giselle,Gilbert,590-134-9737,delaney.gilbert5@outlook.com
C00000531,Amari,Shayan,Valdez,656-233-8903,amari.valdez67@yahoo.com
C00000532,Brynlee,Kate,Jensen,146-816-1910,brynlee.jensen@gmail.com
C00000533,Keira,Alayna,Williamson,312-341-6553,keira.williamson@gmail.com
C00000534,Erick,Tre,Pena,812-480-7540,erick.pena@outlook.com
C00000535,Cash,Tytan,Rios,127-670-7548,cash.rios@hotmail.com
C00000536,Jaiden,West,Douglas,238-060-6532,jaiden.douglas4@outlook.com
C00000537,Fernando,Wylie,Sandoval,212-626-4188,fernando.sandoval4@yahoo.com
C00000538,Camille,Lola,Montgomery,629-687-7315,camille.montgomery229@gmail.com
C00000540,Cristian,Zacharias,Barrett,722-912-5618,cristian.barrett115@gmail.com
C00000541,Leila,Lucia,Harvey,425-655-4448,leila.harvey@outlook.com
C00000542,Mckenna,Juliette,Oliver,617-382-5056,mckenna.oliver@gmail.com
C00000543,Aniyah,Parker,Howell,429-113-4953,aniyah.howell@outlook.com
C00000544,Josue,Zen,Hopkins,397-071-1073,josue.hopkins@gmail.com
C00000545,Noelle,Teagan,Dean,585-725-8251,noelle.dean48@hotmail.com
C00000546,Keegan,Ashtyn,Keller,128-884-0663,keegan.keller@gmail.com
C00000547,Garrett,Ciaran,Guerrero,356-838-8356,garrett.guerrero@gmail.com
C00000548,Rhett,Davonte,Stanley,716-337-2086,rhett.stanley@outlook.com
C00000550,Ricardo,Dyson,Bates,362-975-5436,ricardo.dyson.bates3@gmail.com
C00000551,Josie,Sienna,Hanson,175-477-7991,josie.hanson@gmail.com
C00000552,Jennifer,Georgia,Weber,212-241-7729,jennifer.weber3@hotmail.com
C00000553,Martin,Elyjah,Alvarado,212-246-3190,martin.alvarado@outlook.com
C00000554,Melissa,Hope,Garrett,314-938-3383,melissa.garrett@yahoo.com
C00000555,Reid,Fitzgerald,Beck,369-179-6952,reid.beck@gmail.com
C00000556,Seth,Gregorio,Ortega,552-027-6884,seth.ortega@gmail.com
C00000557,Andre,Indiana,Wade,413-209-8227,andre.wade@outlook.com
C00000558,Gabriela,Cali,Sims,595-293-0717,gabriela.sims@hotmail.com
C00000559,Allie,Vivienne,Burton,623-188-8766,allie.burton@outlook.com
C00000560,Eloise,Izabella,Fuller,617-048-2829,eloise.fuller@yahoo.com
C00000561,Cassidy,Kinley,Soto,843-517-1583,cassidy.soto@gmail.com
C00000562,Jacqueline,Daleyza,Mccoy,113-669-9431,jacqueline.mccoy4@gmail.com
C00000563,Brynn,Kylee,Welch,812-219-4766,brynn.welch@outlook.com
C00000564,Cesar,Jakoby,Estrada,768-177-6036,cesar.estrada@gmail.com
C00000565,Sawyer,Jayla,Chen,734-199-7826,sawyer.chen@outlook.com
C00000566,Evangeline,Katelyn,Schultz,494-754-9832,evangeline.schultz@gmail.com
C00000567,Titus,Kavin,Contreras,552-130-8538,titus.contreras7@hotmail.com
C00000568,Jordan,Juliet,Walters,923-892-3047,jordan.walters7@gmail.com
C00000569,Donovan,Layden,Barnett,983-117-4618,donovan.barnett8@gmail.com
C00000570,Paris,Maggie,Reid,508-309-4284,paris.reid@outlook.com
C00000571,Manuel,Leander,Caldwell,644-129-3672,manuel.leander.caldwell9@gmail.com
C00000572,Olive,Dakota,Fields,601-619-2413,olive.fields@gmail.com
C00000573,Mario,Mckinley,Santiago,978-693-8631,mario.santiago9@hotmail.com
C00000574,Caiden,Mendel,Lambert,212-246-8248,caiden.lambert@outlook.com
C00000575,Adriel,Shiv,Powers,508-737-0060,adriel.powers5@yahoo.com
C00000576,Ayla,Delaney,Walsh,508-059-8193,ayla.walsh43@gmail.com
C00000577,Rosalie,Brynlee,Little,212-696-9766,rosalie.little3@gmail.com
C00000578,Kali,Keira,Fowler,587-597-9479,kali.fowler@outlook.com
C00000579,Maci,Camille,Bowman,630-979-3498,maci.bowman4@hotmail.com
C00000581,Gemma,Leila,Davidson,664-810-0008,gemma.davidson229@outlook.com
C00000582,Kyler,Sylvester,Chambers,212-908-9336,kyler.chambers115@yahoo.com
C00000583,Lilliana,Mckenna,May,585-371-5009,lilliana.may@gmail.com
C00000584,Raegan,Aniyah,Day,631-022-6987,raegan.day@gmail.com
C00000585,Lena,Noelle,Schneider,117-606-4863,lena.schneider@outlook.com
C00000586,Milo,Syrus,Nunez,989-294-2100,milo.nunez@gmail.com
C00000587,Adelaide,Josie,Newman,804-148-0097,adelaide.newman@outlook.com
C00000588,Journey,Jennifer,Brewer,508-421-7456,journey.brewer@gmail.com
C00000589,Archer,Willis,Craig,481-328-0761,archer.craig@hotmail.com
C00000590,Jeffrey,Xavion,Leonard,427-345-6256,jeffrey.leonard@gmail.com
C00000591,Adelynn,Melissa,Lucas,617-474-7395,adelynn.lucas3@gmail.com
C00000592,Holden,Zymir,Lowe,240-113-6134,holden.lowe@outlook.com
C00000593,Alessandra,Gabriela,Holland,781-908-1105,alessandra.gabriela.holland3@gmail.com
C00000596,Arthur,Ashwin,Rhodes,978-894-9984,arthur.rhodes@gmail.com
C00000597,Karson,Avian,Byrd,978-274-7536,karson.byrd@outlook.com
C00000598,Rafael,Deklyn,Gregory,212-753-2633,rafael.gregory@hotmail.com
C00000599,Kenzie,Allie,Wong,212-255-6199,kenzie.wong@outlook.com
C00000601,Shane,Dempsey,Shelton,617-288-1260,shane.shelton@yahoo.com
C00000602,Miranda,Eloise,Banks,617-410-5168,miranda.banks@gmail.com
C00000603,Haley,Cassidy,Santos,140-455-6553,haley.santos@gmail.com
C00000604,June,Jacqueline,Curtis,212-182-1709,june.curtis@outlook.com
C00000605,Harley,Brynn,Pearson,212-192-5590,harley.pearson@gmail.com
C00000606,Charlee,Sawyer,Delgado,426-249-2203,charlee.delgado@outlook.com
C00000607,Lane,Gavriel,Frazier,926-308-1992,lane.frazier@gmail.com
C00000608,Louis,Gracen,Becker,301-104-9521,louis.becker@hotmail.com
C00000609,Angelo,Khamari,Maldonado,809-893-5086,angelo.maldonado6@gmail.com
C00000610,Lucille,Evangeline,Valdez,837-378-3496,lucille.valdez@gmail.com
C00000611,Remington,Lemuel,Fleming,493-150-1553,remington.fleming7@outlook.com
C00000612,Talia,Jordan,Pena,214-352-9726,talia.jordan.pena7@gmail.com
C00000613,Skyler,Paris,Rios,212-129-8682,skyler.rios8@gmail.com
C00000614,Makenna,Olive,Douglas,210-770-4531,makenna.douglas@outlook.com
C00000615,Phoebe,Ayla,Sandoval,563-214-9433,phoebe.sandoval9@hotmail.com
C00000616,Troy,Madison,Vega,508-905-5630,troy.vega@outlook.com
C00000617,Emerson,Mahmoud,Sutton,366-045-8568,emerson.sutton9@yahoo.com
C00000618,Jane,Rosalie,Barrett,508-099-1022,jane.barrett@gmail.com
C00000619,Maximiliano,Malek,Cohen,767-565-6363,maximiliano.cohen5@gmail.com
C00000620,Lyric,Kali,Hopkins,345-820-8090,lyric.hopkins@outlook.com
C00000621,Hector,Meyer,Jennings,790-326-5177,hector.jennings@gmail.com
C00000622,Angel,Maci,Keller,468-847-7192,angel.keller@outlook.com
C00000623,Emilio,Rudra,Parks,834-604-4131,emilio.parks@gmail.com
C00000624,Elaina,Gemma,Guerrero,548-062-4848,elaina.guerrero@hotmail.com
C00000625,Adrianna,Lilliana,Stanley,781-765-1330,adrianna.stanley@gmail.com
C00000626,Anderson,Sunny,Mcdaniel,617-306-8896,anderson.mcdaniel4@gmail.com
C00000627,Trevor,Tracy,Watts,571-413-6564,trevor.watts5@outlook.com
C00000628,Ruth,Raegan,Bates,671-044-6259,ruth.raegan.bates67@gmail.com
C00000629,Phoenix,Zavian,Barker,687-128-8380,phoenix.barker@gmail.com
C00000630,Walter,Abiel,Norris,508-261-0624,walter.norris@outlook.com
C00000631,Miriam,Lena,Alvarado,437-794-7824,miriam.alvarado@hotmail.com
C00000632,Johnathan,Aj,Vaughn,814-030-6360,johnathan.vaughn@outlook.com
C00000633,Diana,Adelaide,Beck,679-103-1451,diana.beck@yahoo.com
C00000635,Mariana,Journey,Ortega,659-466-0126,mariana.ortega@gmail.com
C00000636,Johnny,Coleton,Vazquez,112-954-9501,johnny.vazquez@gmail.com
C00000637,Danielle,Adelynn,Wade,288-813-6464,danielle.wade@outlook.com
C00000638,Jenna,Alessandra,Estrada,419-651-6687,jenna.estrada@gmail.com
C00000639,Edwin,Gadiel,Holt,756-919-2481,edwin.holt@outlook.com
C00000640,Julius,Jadyn,Schwartz,238-293-2742,julius.schwartz@gmail.com
C00000641,Shelby,Kenzie,Contreras,624-806-8731,shelby.contreras@hotmail.com
C00000642,Barrett,Jeff,Steele,679-459-3388,barrett.steele6@gmail.com
C00000643,Nina,Miranda,Barnett,212-334-9297,nina.barnett@gmail.com
C00000644,Madeleine,Haley,Caldwell,762-129-4848,madeleine.caldwell7@outlook.com
C00000645,Leon,Joseluis,Benson,955-510-5845,leon.joseluis.benson7@gmail.com
C00000646,Elliana,June,Santiago,107-676-3132,elliana.santiago8@gmail.com
C00000647,Tyson,Karas,Neal,812-781-3833,tyson.neal@outlook.com
C00000648,Amina,Harley,Lambert,111-779-1962,amina.lambert9@hotmail.com
C00000649,Amiyah,Charlee,Powers,796-885-0902,amiyah.powers@outlook.com
C00000651,Chelsea,Lucille,Chambers,212-527-2673,chelsea.chambers9@yahoo.com
C00000652,Tobias,Kayne,Dominguez,508-903-3675,tobias.dominguez4@gmail.com
C00000653,Joanna,Talia,Nunez,212-317-8765,joanna.nunez4@gmail.com
C00000654,Jada,Skyler,Craig,633-499-6397,jada.craig@outlook.com
C00000655,Edgar,Loren,Horton,207-238-0903,edgar.horton@gmail.com
C00000656,Dominick,Marquez,Terry,212-011-2315,dominick.terry@outlook.com
C00000657,Lexi,Makenna,Leonard,477-212-1352,lexi.leonard@gmail.com
C00000658,Marshall,Merritt,Wolfe,747-136-8156,marshall.wolfe@hotmail.com
C00000659,Marco,Montana,Hale,876-367-8519,marco.hale@gmail.com
C00000660,Joaquin,Oden,Lyons,480-346-8032,joaquin.lyons48@gmail.com
C00000661,Katie,Phoebe,Lowe,534-831-7380,katie.lowe@outlook.com
C00000662,Dante,Ren,Graves,303-514-8726,dante.ren.graves@gmail.com
C00000663,Andy,Roscoe,Haynes,186-236-1122,andy.haynes@gmail.com
C00000664,Maddison,Jane,Rhodes,315-090-2151,maddison.rhodes@outlook.com
C00000665,Fatima,Lyric,Byrd,417-025-7705,fatima.byrd@hotmail.com
C00000666,Cruz,Zach,Miles,746-980-7834,cruz.miles3@outlook.com
C00000667,Vera,Angel,Gregory,304-707-9332,vera.gregory@yahoo.com
C00000668,Malia,Elaina,Shelton,212-913-1829,malia.shelton@gmail.com
C00000669,Lilah,Adrianna,Frazier,190-082-5134,lilah.frazier@gmail.com
C00000670,Ali,Beckam,Park,212-626-1708,ali.park@outlook.com
C00000671,Madilyn,Ruth,Becker,603-139-4969,madilyn.becker@gmail.com
C00000672,Amanda,Miriam,Maldonado,578-113-6262,amanda.maldonado@outlook.com
C00000673,Finley,Blair,Warner,588-706-1188,finley.warner@gmail.com
C00000674,Daniella,Diana,Fleming,327-140-9584,daniella.fleming@hotmail.com
C00000675,Dalton,Darin,Padilla,716-745-9089,dalton.padilla@gmail.com
C00000676,Gideon,Darion,Bush,313-495-3839,gideon.bush4@gmail.com
C00000677,Reed,Dixon,Thornton,912-570-2735,reed.thornton5@outlook.com
C00000678,Alexia,Mariana,Vega,368-896-7166,alexia.mariana.vega@gmail.com
C00000679,Enzo,Everardo,Mccarthy,934-680-7022,enzo.mccarthy6@gmail.com
C00000680,Kathryn,Danielle,Sutton,880-300-4045,kathryn.sutton@outlook.com
C00000681,Sergio,Jimmie,Mann,972-144-0926,sergio.mann7@hotmail.com
C00000682,Jett,Jovany,Zimmerman,144-771-4161,jett.zimmerman7@outlook.com
C00000683,Paislee,Jenna,Cohen,914-264-6852,paislee.cohen8@yahoo.com
C00000684,Selena,Shelby,Jennings,813-884-2951,selena.jennings@gmail.com
C00000685,Laura,Nina,Parks,634-231-9040,laura.parks9@gmail.com
C00000686,Annie,Madeleine,Mcdaniel,628-210-0276,annie.mcdaniel@outlook.com
C00000687,Thiago,Karsten,Erickson,791-119-8698,thiago.erickson@gmail.com
C00000688,Kyrie,Kasyn,Fletcher,212-157-9258,kyrie.fletcher@outlook.com
C00000689,Ronan,Kekoa,Mckinney,488-626-2509,ronan.mckinney@gmail.com
C00000690,Cohen,Osmar,Page,304-650-1033,cohen.page43@hotmail.com
C00000691,Nyla,Elliana,Watts,703-003-4486,nyla.watts3@gmail.com
C00000692,Catalina,Amina,Barker,262-789-6371,catalina.barker2@gmail.com
C00000693,Colt,Ozzy,Dawson,240-817-4879,colt.dawson2@outlook.com
C00000694,Erik,Patton,Joseph,343-180-6235,erik.patton.joseph@gmail.com
C00000695,Trenton,Shia,Marquez,555-810-6812,trenton.marquez@gmail.com
C00000696,Kayleigh,Amiyah,Norris,954-381-4123,kayleigh.norris@outlook.com
C00000697,Jared,Tru,Reeves,212-258-7890,jared.reeves5@hotmail.com
C00000698,Walker,Tye,Klein,585-884-5598,walker.klein67@outlook.com
C00000699,Sloane,Chelsea,Vaughn,647-201-6786,sloane.vaughn@yahoo.com
C00000700,Landen,Tylen,Espinoza,857-578-4130,landen.espinoza@gmail.com
C00000702,Kamila,Joanna,Vazquez,842-756-4849,kamila.vazquez@gmail.com
C00000703,Alexis,Zayan,Baldwin,435-038-5445,alexis.baldwin@outlook.com
C00000704,Nash,Zylen,Moran,438-806-1962,nash.moran@gmail.com
C00000705,Jaylen,Ahmari,Love,862-996-9366,jaylen.love@outlook.com
C00000706,Gregory,Akiva,Robbins,212-584-1775,gregory.robbins@gmail.com
C00000707,Emanuel,Antwon,Higgins,212-323-6386,emanuel.higgins@hotmail.com
C00000708,Lia,Jada,Holt,716-709-7766,lia.holt@gmail.com
C00000709,Killian,Breckin,Ball,212-828-9036,killian.ball4@gmail.com
C00000710,Allen,Camari,Cortez,424-700-9334,allen.cortez5@outlook.com
C00000711,Haven,Lexi,Schwartz,508-056-6464,haven.lexi.schwartz@gmail.com
C00000712,Atticus,Crue,Le,466-804-7095,atticus.le6@gmail.com
C00000713,Rowan,Katie,Steele,240-698-9725,rowan.steele@outlook.com
C00000714,Desmond,Devante,Griffith,163-034-9224,desmond.griffith7@hotmail.com
C00000715,Ashlyn,Maddison,Benson,212-959-6593,ashlyn.benson7@outlook.com
C00000716,Christina,Fatima,Neal,212-147-0378,christina.neal8@yahoo.com
C00000717,Shawn,Jeter,Bowen,884-298-5997,shawn.bowen@gmail.com
C00000718,Amber,Vera,Dominguez,890-060-5420,amber.dominguez9@gmail.com
C00000719,Grady,Kaydon,Sharp,158-304-0985,grady.sharp@outlook.com
C00000720,Quinn,Loyal,Cummings,609-030-3298,quinn.cummings@gmail.com
C00000721,Frank,Sultan,Ramsey,762-518-8161,frank.ramsey@outlook.com
C00000722,Myla,Malia,Horton,103-944-1294,myla.horton@gmail.com
C00000723,Addilyn,Lilah,Terry,626-032-3807,addilyn.terry43@hotmail.com
C00000724,Erin,Madilyn,Wolfe,617-019-9325,erin.wolfe3@gmail.com
C00000725,Fabian,Taylen,Hardy,585-675-5467,fabian.hardy2@gmail.com
C00000726,Dakota,Virgil,Swanson,522-871-5354,dakota.swanson2@outlook.com
C00000727,Alison,Amanda,Hale,827-787-2646,alison.amanda.hale@gmail.com
C00000728,Roberto,Yehoshua,Barber,311-450-8401,roberto.barber@gmail.com
C00000729,Ainsley,Daniella,Lyons,184-018-6122,ainsley.lyons@outlook.com
C00000730,Beckham,Zeppelin,Acosta,354-735-8175,beckham.acosta5@hotmail.com
C00000731,Raelyn,Alexia,Graves,224-136-1888,raelyn.graves67@outlook.com
C00000732,Major,Baxter,Luna,460-365-4008,major.luna@yahoo.com
C00000733,Skyler,Braedon,Chandler,422-003-4537,skyler.chandler@gmail.com
C00000734,Cadence,Kathryn,Haynes,127-697-9902,cadence.haynes@gmail.com
C00000735,Nehemiah,Deklin,Blair,212-455-2542,nehemiah.blair@outlook.com
C00000736,Kendra,Paislee,Miles,212-649-4482,kendra.miles@gmail.com
C00000737,Drew,Deontae,Daniel,734-658-7098,drew.daniel@outlook.com
C00000738,Cade,Fahad,Cross,347-612-8297,cade.cross@gmail.com
C00000739,Muhammad,Jacobo,Simon,696-854-0729,muhammad.simon77@hotmail.com
C00000740,Kendrick,Jafet,Dennis,978-368-3350,kendrick.dennis90@gmail.com
C00000741,Pedro,Jaylan,Oconnor,319-908-5518,pedro.oconnor@gmail.com
C00000742,Heidi,Selena,Park,212-721-5239,heidi.park@outlook.com
C00000743,Orion,Jonatan,Quinn,212-796-6818,orion.jonatan.quinn33@gmail.com
C00000744,Aden,Kolbe,Gross,360-452-3353,aden.gross46@gmail.com
C00000745,Kelsey,Laura,Warner,282-394-3581,kelsey.warner@outlook.com
C00000746,Kamden,Krishna,Navarro,159-896-7994,kamden.navarro911@hotmail.com
C00000747,Nadia,Annie,Padilla,591-921-4518,nadia.padilla@outlook.com
C00000748,Ruben,Maceo,Moss,121-983-2107,ruben.moss42@yahoo.com
C00000749,Alondra,Nyla,Bush,703-691-3813,alondra.bush@gmail.com
C00000750,Cheyenne,Catalina,Thornton,383-597-4920,cheyenne.thornton@gmail.com
C00000751,Zaiden,Manny,Fitzgerald,396-848-5191,zaiden.fitzgerald@outlook.com
C00000752,Clark,Manolo,Doyle,480-455-5852,clark.doyle@gmail.com
C00000753,Kaydence,Kayleigh,Mccarthy,515-463-1257,kaydence.mccarthy@outlook.com
C00000754,Mikayla,Sloane,Mann,958-182-0200,mikayla.mann@gmail.com
C00000755,Noel,Reyes,Mclaughlin,823-937-3773,noel.mclaughlin@hotmail.com
C00000756,Porter,Richie,Rojas,718-829-8803,porter.rojas@gmail.com
C00000757,River,Kamila,Zimmerman,617-755-6768,river.zimmerman@gmail.com
C00000758,Heaven,Lia,Erickson,975-644-3109,heaven.erickson@outlook.com
C00000759,Solomon,Salomon,Rodgers,896-842-4838,solomon.salomon.rodgers@gmail.com
C00000760,Arielle,Haven,Fletcher,508-445-2010,arielle.fletcher@gmail.com
C00000762,Romeo,Sulaiman,Stevenson,305-963-7179,romeo.stevenson@outlook.com
C00000763,Lana,Rowan,Mckinney,585-459-0990,lana.mckinney@hotmail.com
C00000764,Blakely,Ashlyn,Page,199-694-1130,blakely.page@outlook.com
C00000765,Rory,Anirudh,Singh,617-158-7656,rory.singh@yahoo.com
C00000766,Sabrina,Christina,Dawson,212-850-0984,sabrina.dawson9@gmail.com
C00000767,Malik,Croix,Yang,212-271-3244,malik.yang@gmail.com
C00000768,Kyla,Amber,Joseph,455-229-3350,kyla.joseph@outlook.com
C00000769,Daxton,Cutter,Figueroa,863-166-6167,daxton.figueroa@gmail.com
C00000772,Leland,Dayson,Harmon,217-647-4603,leland.harmon@outlook.com
C00000773,Kash,Eivin,Newton,403-470-7551,kash.newton@gmail.com
C00000774,Abram,Gene,Paul,478-015-9888,abram.paul3@hotmail.com
C00000775,Ada,Myla,Marquez,413-241-9716,ada.marquez2@gmail.com
C00000776,Gracelyn,Addilyn,Reeves,212-712-3256,gracelyn.reeves2@gmail.com
C00000777,Derrick,Hashim,Manning,212-024-6999,derrick.manning@outlook.com
C00000778,Kade,Holt,Garner,817-831-8134,kade.holt.garner@gmail.com
C00000779,Allyson,Erin,Klein,978-952-9176,allyson.klein4@gmail.com
C00000780,Gunnar,Jaren,Mcgee,207-540-5058,gunnar.mcgee@outlook.com
C00000781,Prince,Jermiah,Reese,808-058-3017,prince.reese67@hotmail.com
C00000782,Felicity,Alison,Espinoza,585-004-3497,felicity.espinoza@outlook.com
C00000783,Kira,Ainsley,Baldwin,957-123-4213,kira.baldwin@yahoo.com
C00000784,Brendan,Kadin,Francis,334-953-8872,brendan.francis@gmail.com
C00000785,Leonel,Kage,Burgess,953-922-9590,leonel.burgess@gmail.com
C00000786,Kason,Lex,Adkins,550-587-3510,kason.adkins@outlook.com
C00000787,Braylon,Maxson,Goodman,139-968-3301,braylon.goodman@gmail.com
C00000788,Legend,Nevin,Curry,589-540-6303,legend.curry@outlook.com
C00000789,Pablo,Osiel,Brady,115-830-5968,pablo.brady@gmail.com
C00000790,Briella,Raelyn,Moran,111-390-5529,briella.moran90@hotmail.com
C00000791,Kamryn,Cadence,Love,870-477-4331,kamryn.love@gmail.com
C00000793,Jay,Tayson,Christensen,736-787-3723,jay.christensen@gmail.com
C00000794,Adaline,Kendra,Robbins,735-230-8300,adaline.robbins33@outlook.com
C00000796,Adan,Tom,Potter,212-563-6007,adan.tom.potter46@gmail.com
C00000797,Jensen,Travon,Walton,611-973-6891,jensen.walton@gmail.com
C00000798,Alicia,Heidi,Higgins,886-663-4322,alicia.higgins@outlook.com
C00000799,Esteban,Yohan,Goodwin,429-537-0701,esteban.goodwin@hotmail.com
C00000803,Kellan,Zyion,Mullins,598-660-9302,kellan.mullins42@outlook.com
C00000804,Ember,Kelsey,Ball,648-424-4213,ember.ball@yahoo.com
C00000806,Drake,Akhil,Molina,781-304-7654,drake.molina@gmail.com
C00000807,Aylin,Nadia,Cortez,745-533-8452,aylin.cortez17@gmail.com
C00000808,Warren,Amadeus,Webster,958-656-2563,warren.webster@outlook.com
C00000809,Ismael,Aram,Fischer,253-195-5933,ismael.fischer@gmail.com
C00000810,Veronica,Alondra,Le,508-664-7429,veronica.le@outlook.com
C00000811,Ari,Asael,Campos,508-818-7614,ari.campos@gmail.com
C00000812,Russell,Brooklyn,Avila,656-803-4384,russell.avila@hotmail.com
C00000813,Bruce,Carmello,Sherman,425-232-3253,bruce.sherman@gmail.com
C00000814,Finnegan,Dallin,Todd,484-928-7263,finnegan.todd@gmail.com
C00000815,Esmeralda,Cheyenne,Griffith,819-868-9373,esmeralda.griffith@outlook.com
C00000816,Sage,Kaydence,Bowen,986-710-0560,sage.kaydence.bowen@gmail.com
C00000818,Marcos,Deanthony,Chang,938-611-5397,marcos.chang@gmail.com
C00000819,Jayson,Eian,Blake,330-887-7107,jayson.blake@outlook.com
C00000820,Leslie,Mikayla,Sharp,797-077-2686,leslie.sharp@hotmail.com
C00000821,Theo,Eshan,Malone,174-949-3765,theo.malone9@outlook.com
C00000822,Aspen,River,Cummings,262-231-8506,aspen.cummings@yahoo.com
C00000823,Jaxton,Eyad,Wolf,465-924-0047,jaxton.wolf5@gmail.com
C00000824,Phillip,Faisal,Hodges,409-504-6110,phillip.hodges43@gmail.com
C00000825,Dexter,Hosea,Juarez,358-494-6375,dexter.juarez@outlook.com
C00000826,Braylen,Journey,Gill,212-125-9851,braylen.gill@gmail.com
C00000827,Gia,Heaven,Ramsey,603-666-9636,gia.ramsey@outlook.com
C00000828,Armando,Kenai,Farmer,775-499-4667,armando.farmer@gmail.com
C00000829,Braden,Koltyn,Hines,527-787-7358,braden.hines@hotmail.com
C00000830,Corey,Lenin,Gallagher,978-886-8518,corey.gallagher4@gmail.com
C00000831,Kolton,Marshal,Duran,917-201-7054,kolton.duran5@gmail.com
C00000832,Camilla,Arielle,Hardy,215-742-7620,camilla.hardy67@outlook.com
C00000833,Gerardo,Paulo,Hubbard,440-601-0701,gerardo.paulo.hubbard@gmail.com
C00000834,Ace,Radley,Cannon,950-920-6625,ace.cannon@gmail.com
C00000835,Ashlynn,Lana,Swanson,909-043-8969,ashlynn.swanson@outlook.com
C00000836,Ellis,Raghav,Miranda,922-191-5994,ellis.miranda@hotmail.com
C00000837,Malcolm,Riggs,Wang,617-310-7209,malcolm.wang@outlook.com
C00000838,Scarlet,Blakely,Barber,617-150-7104,scarlet.barber@yahoo.com
C00000839,Journee,Sabrina,Acosta,985-513-9077,journee.acosta4@gmail.com
C00000840,Tate,Scout,Saunders,487-222-4148,tate.saunders77@gmail.com
C00000841,Zachariah,Seven,Tate,978-376-1954,zachariah.tate@outlook.com
C00000842,Daphne,Kyla,Luna,282-467-2942,daphne.luna@gmail.com
C00000843,Bianca,Ada,Chandler,210-190-7382,bianca.chandler@outlook.com
C00000844,Chandler,Simcha,Mack,507-188-7651,chandler.mack@gmail.com
C00000845,Mckinley,Gracelyn,Blair,936-150-1941,mckinley.blair46@hotmail.com
C00000846,Milan,Willem,Hammond,329-378-5626,milan.hammond@gmail.com
C00000847,Keith,Wynn,Carrillo,787-958-5584,keith.carrillo911@gmail.com
C00000849,Amira,Allyson,Daniel,724-470-3875,amira.daniel@gmail.com
C00000850,Danny,Aziel,Townsend,207-811-5312,danny.townsend42@gmail.com
C00000851,Damon,Braylan,Wise,165-020-5476,damon.wise@outlook.com
C00000852,Carmen,Felicity,Cross,553-455-7019,carmen.cross@gmail.com
C00000853,Enrique,Brylan,Ingram,202-474-1479,enrique.ingram@outlook.com
C00000854,Kyleigh,Kira,Simon,833-342-9725,kyleigh.simon@gmail.com
C00000855,Jonas,Cru,Barton,508-098-8503,jonas.barton@hotmail.com
C00000856,Kane,Noah,Mejia,341-093-1239,kane.mejia@gmail.com
C00000857,Princeton,Liam,Ayala,106-425-4849,princeton.ayala@gmail.com
C00000858,Megan,Briella,Dennis,325-609-5196,megan.dennis@outlook.com
C00000859,Skye,Kamryn,Oconnor,212-611-9119,skye.kamryn.oconnor@gmail.com
C00000860,Hugo,Mason,Schroeder,212-200-5918,hugo.schroeder@gmail.com
C00000861,Elsie,Adaline,Quinn,212-981-4391,elsie.quinn@outlook.com
C00000862,Ronald,Jacob,Hampton,261-049-4844,ronald.hampton@hotmail.com
C00000863,Kennedi,Alicia,Gross,540-241-0185,kennedi.gross@outlook.com
C00000864,Philip,William,Rowe,738-346-4611,philip.rowe@yahoo.com
C00000865,Averie,Ember,Navarro,723-541-6787,averie.navarro@gmail.com
C00000866,Carly,Aylin,Moss,607-721-7282,carly.moss@gmail.com
C00000870,Ibrahim,Ethan,Parsons,183-280-2128,ibrahim.parsons@outlook.com
C00000871,Kayson,James,Frank,914-561-3668,kayson.frank@gmail.com
C00000872,Maximilian,Alexander,Waters,565-308-1099,maximilian.waters@outlook.com
C00000873,Lawson,Michael,Strickland,781-894-1475,lawson.strickland@gmail.com
C00000874,Rylie,Veronica,Fitzgerald,395-957-2445,rylie.fitzgerald@hotmail.com
C00000875,Harvey,Benjamin,Osborne,803-203-9961,harvey.osborne@gmail.com
C00000876,Albert,Elijah,Maxwell,212-945-7073,albert.maxwell@gmail.com
C00000877,Gracelynn,Esmeralda,Doyle,801-605-1504,gracelynn.doyle@gmail.com
C00000878,Donald,Daniel,Chan,927-538-5486,donald.chan@gmail.com
C00000879,Mallory,Sage,Mclaughlin,477-545-2500,mallory.mclaughlin@outlook.com
C00000880,Raul,Aiden,Deleon,766-683-7741,raul.deleon@gmail.com
C00000881,Emersyn,Leslie,Rojas,548-126-3265,emersyn.rojas@outlook.com
C00000882,Logan,Aspen,Rodgers,406-053-4857,logan.rodgers@gmail.com
C00000883,Camryn,Gia,Stevenson,585-273-1932,camryn.stevenson@hotmail.com
C00000884,Franklin,Logan,Norman,585-808-0368,franklin.norman@gmail.com
C00000885,Hendrix,Matthew,Harrington,534-741-0063,hendrix.harrington@gmail.com
C00000886,Odin,Lucas,Casey,907-049-3089,odin.casey@outlook.com
C00000887,Annabella,Camilla,Singh,671-114-4889,annabella.camilla.singh@gmail.com
C00000888,Brennan,Jackson,Patton,510-990-7804,brennan.patton@gmail.com
C00000889,Dylan,Ashlynn,Yang,788-110-1119,dylan.yang@outlook.com
C00000890,Jamison,David,Logan,315-197-0279,jamison.logan@hotmail.com
C00000891,Dillon,Oliver,Bowers,705-650-5146,dillon.bowers@outlook.com
C00000892,Elle,Scarlet,Figueroa,693-455-1397,elle.figueroa@yahoo.com
C00000893,Kiara,Journee,Harmon,596-089-6158,kiara.harmon@gmail.com
C00000894,Brock,Jayden,Mueller,585-320-7487,brock.mueller4@gmail.com
C00000895,Landyn,Joseph,Glover,225-464-9197,landyn.glover@outlook.com
C00000896,Yaretzi,Daphne,Newton,705-543-3552,yaretzi.newton@gmail.com
C00000897,Mohamed,Gabriel,Floyd,418-387-0408,mohamed.floyd@outlook.com
C00000898,Ariella,Bianca,Paul,905-846-8085,ariella.paul@gmail.com
C00000899,Brycen,Samuel,Hartman,934-986-4358,brycen.hartman7@hotmail.com
C00000900,Deacon,Carter,Buchanan,603-814-9149,deacon.buchanan7@gmail.com
C00000901,Colby,Anthony,Cobb,156-271-1170,colby.cobb8@gmail.com
C00000902,Alec,John,French,922-050-4610,alec.french@gmail.com
C00000903,Julio,Dylan,Kramer,893-713-0792,julio.kramer9@gmail.com
C00000904,Scott,Luke,Mccormick,212-553-5860,scott.mccormick@outlook.com
C00000905,Matias,Henry,Clarke,586-842-3973,matias.clarke@gmail.com
C00000906,Sullivan,Andrew,Tyler,617-881-5277,sullivan.tyler@outlook.com
C00000907,Rodrigo,Isaac,Gibbs,413-935-8935,rodrigo.gibbs@gmail.com
C00000908,Zara,Mckinley,Manning,413-488-6603,zara.manning43@hotmail.com
C00000909,Cason,Christopher,Moody,532-460-0056,cason.moody3@gmail.com
C00000910,Taylor,Joshua,Conner,212-385-3324,taylor.conner2@gmail.com
C00000911,Rocco,Wyatt,Sparks,218-178-4974,rocco.sparks2@outlook.com
C00000912,Nico,Sebastian,Mcguire,914-822-5375,nico.sebastian.mcguire@gmail.com
C00000913,Royal,Owen,Leon,212-096-0019,royal.leon@gmail.com
C00000914,April,Amira,Garner,212-992-5486,april.garner@outlook.com
C00000915,Pierce,Caleb,Bauer,972-305-4452,pierce.bauer5@hotmail.com
C00000916,Augustus,Nathan,Norton,515-867-3011,augustus.norton67@outlook.com
C00000917,Gwendolyn,Carmen,Mcgee,159-241-8246,gwendolyn.mcgee8@yahoo.com
C00000918,Raiden,Ryan,Pope,391-815-2519,raiden.pope@gmail.com
C00000921,Anaya,Kyleigh,Reese,141-612-5901,anaya.reese@gmail.com
C00000922,Baylee,Megan,Francis,917-143-3212,baylee.francis@outlook.com
C00000923,Kasen,Jack,Flynn,346-725-8232,kasen.flynn@gmail.com
C00000924,Benson,Noah,Hogan,212-195-5968,benson.hogan@outlook.com
C00000925,Moses,Liam,Robles,991-882-4277,moses.robles@gmail.com
C00000926,Cyrus,Mason,Salinas,212-932-4202,cyrus.salinas4@hotmail.com
C00000927,Raylan,Jacob,Yates,212-841-3987,raylan.yates3@gmail.com
C00000928,Brinley,Skye,Burgess,787-988-3799,brinley.burgess4@gmail.com
C00000929,Davis,William,Lindsey,500-936-3887,davis.lindsey56@gmail.com
C00000930,Sierra,Elsie,Adkins,855-235-3099,sierra.adkins5@gmail.com
C00000931,Khalil,Ethan,Lloyd,167-538-9211,khalil.lloyd@outlook.com
C00000932,Moises,James,Marsh,429-998-2580,moises.marsh@gmail.com
C00000933,Annalise,Kennedi,Goodman,580-366-4184,annalise.goodman@outlook.com
C00000934,Conor,Alexander,Mcbride,880-639-6482,conor.mcbride@gmail.com
C00000935,Tatum,Averie,Curry,331-145-8845,tatum.curry4@hotmail.com
C00000936,Nikolai,Michael,Owen,681-853-9420,nikolai.owen4@gmail.com
C00000937,Alijah,Benjamin,Solis,212-257-3735,alijah.solis@gmail.com
C00000938,Serena,Carly,Brady,617-979-0172,serena.brady@outlook.com
C00000939,Mathew,Elijah,Pham,313-028-2557,mathew.elijah.pham@gmail.com
C00000940,Keaton,Daniel,Lang,623-026-1533,keaton.lang@gmail.com
C00000941,Francis,Aiden,Pratt,450-152-6310,francis.pratt@outlook.com
C00000942,Dahlia,Rylie,Christensen,832-860-3965,dahlia.christensen@hotmail.com
C00000943,Quentin,Logan,Lara,570-203-6266,quentin.lara@outlook.com
C00000944,Ty,Matthew,Brock,334-056-0039,ty.brock@yahoo.com
C00000945,Macy,Gracelynn,Potter,192-086-9822,macy.potter@gmail.com
C00000946,Jaime,Lucas,Ballard,205-392-8416,jaime.ballard@gmail.com
C00000948,Ronin,Jackson,Trujillo,659-763-8659,ronin.trujillo@outlook.com
C00000949,Kian,David,Shaffer,107-034-2656,kian.shaffer@gmail.com
C00000950,Miracle,Mallory,Walton,914-157-1642,miracle.walton@outlook.com
C00000951,Lennox,Oliver,Drake,914-054-0812,lennox.drake@gmail.com
C00000952,Madelynn,Emersyn,Goodwin,167-213-4676,madelynn.goodwin@hotmail.com
C00000953,Malakai,Jayden,Roman,813-797-0195,malakai.roman@gmail.com
C00000954,Briana,Logan,Mullins,212-126-9553,briana.mullins@gmail.com
C00000955,Atlas,Joseph,Aguirre,508-648-0288,atlas.aguirre@gmail.com
C00000956,Jerry,Gabriel,Morton,212-073-4022,jerry.morton@gmail.com
C00000957,Freya,Camryn,Molina,617-580-9525,freya.molina@outlook.com
C00000958,Ryland,Samuel,Stokes,617-202-1150,ryland.stokes@gmail.com
C00000959,Macie,Annabella,Webster,439-144-1002,macie.webster@outlook.com
C00000960,Helen,Dylan,Fischer,509-169-6737,helen.fischer@gmail.com
C00000961,Bethany,Elle,Campos,522-898-5739,bethany.campos@hotmail.com
C00000962,Ahmed,Carter,Lamb,325-887-8373,ahmed.lamb@gmail.com
C00000963,Leia,Kiara,Avila,612-372-7967,leia.avila@gmail.com
C00000964,Harlow,Yaretzi,Sherman,119-511-6760,harlow.sherman@outlook.com
C00000965,Blake,Ariella,Todd,779-648-5911,blake.ariella.todd@gmail.com
C00000966,Saul,Anthony,Pacheco,924-131-1644,saul.pacheco@gmail.com
C00000967,Sterling,John,Patrick,914-492-5419,sterling.patrick@outlook.com
C00000968,Dennis,Dylan,Cochran,978-903-9812,dennis.cochran@hotmail.com
C00000970,Lawrence,Luke,Shepherd,791-649-7035,lawrence.shepherd@outlook.com
C00000971,Jayleen,Zara,Chang,873-837-9110,jayleen.chang@yahoo.com
C00000972,Zayne,Henry,Cain,847-210-5818,zayne.cain@gmail.com
C00000973,Angelica,April,Blake,158-915-7163,angelica.blake@gmail.com
C00000974,Bodhi,Andrew,Burnett,719-180-7291,bodhi.burnett@outlook.com
C00000975,Marilyn,Gwendolyn,Malone,212-563-1034,marilyn.malone@gmail.com
C00000976,Viviana,Anaya,Wolf,757-250-2980,viviana.wolf@outlook.com
C00000977,Francesca,Baylee,Hodges,914-318-4041,francesca.hodges@gmail.com
C00000978,Juniper,Brinley,Juarez,617-311-0681,juniper.juarez@hotmail.com
C00000979,Arjun,Isaac,Hess,617-091-6183,arjun.hess@gmail.com
C00000980,Darius,Christopher,Li,708-376-4583,darius.li@gmail.com
C00000981,Arlo,Joshua,Cervantes,457-226-6112,arlo.cervantes@gmail.com
C00000984,Eden,Wyatt,Olsen,724-793-9839,eden.olsen@gmail.com
C00000985,Carolina,Sierra,Gill,523-456-0881,carolina.gill@outlook.com
C00000986,Tony,Sebastian,Briggs,379-671-0767,tony.briggs@gmail.com
C00000987,Dustin,Owen,Ochoa,781-390-6263,dustin.ochoa@outlook.com
C00000988,Jazmin,Annalise,Farmer,242-720-3713,jazmin.farmer@gmail.com
C00000989,Kellen,Caleb,Cabrera,398-525-2053,kellen.cabreraw@hotmail.com
C00000990,Chris,Nathan,Velasquez,617-190-2879,chris.velasquez3@gmail.com
C00000991,Mohammed,Ryan,Montoya,573-650-3994,mohammed.montoya@gmail.com
C00000992,Nasir,Jack,Roth,621-955-3508,nasir.roth23@outlook.com
C00000993,Emely,Tatum,Hines,305-867-9852,emely.tatum.hines@gmail.com
C00000994,Omari,Noah,Meyers,478-016-1733,omari.meyers@gmail.com
C00000995,Maliyah,Serena,Gallagher,334-968-3959,maliyah.gallagher@outlook.com
C00000996,Cataleya,Dahlia,Duran,212-055-2198,cataleya.duran@hotmail.com
C00000997,Kieran,Liam,Cardenas,617-319-3717,kieran.cardenas45@outlook.com
C00000998,Jillian,Macy,Hubbard,617-374-9210,jillian.hubbard66@yahoo.com
C00000999,Joy,Miracle,Cannon,187-698-7210,joy.cannon6@gmail.com
C00001000,Nixon,Mason,Fuentes,524-540-2087,nixon.fuentes2@gmail.com
C00001001,Rhys,Jacob,Weiss,248-494-1623,rhys.weiss@outlook.com
C00001002,Abby,Madelynn,Miranda,594-108-2286,abby.miranda@gmail.com
C00001003,Malaysia,Briana,Wang,721-123-3764,malaysia.wang@outlook.com
C00001004,Armani,William,Hoover,276-967-6479,armani.hoover@gmail.com
C00001006,Nylah,Freya,Saunders,623-878-0033,nylah.saunders3@hotmail.com
C00001007,Arturo,Ethan,Wilkins,109-003-9688,arturo.wilkins567@gmail.com
C00001008,Bowen,James,Nicholson,500-949-3761,bowen.nicholson8@gmail.com
C00001009,Sarai,Macie,Tate,381-341-7785,sarai.tate5@gmail.com
C00001010,Frederick,Alexander,Underwood,648-277-4226,frederick.underwood4@gmail.com
C00001011,Callen,Michael,Short,913-199-7688,callen.short@outlook.com
C00001012,Evelynn,Helen,Mack,266-208-3070,evelynn.mack@gmail.com
C00001013,Leonidas,Benjamin,Carson,894-336-4117,leonidas.carson@outlook.com
C00001014,Remy,Elijah,Morrow,212-397-3526,remy.morrow@gmail.com
C00001015,Wade,Daniel,Colon,457-364-9023,wade.colon2@hotmail.com
C00001016,Nia,Bethany,Hammond,259-090-1827,nia.hammond@gmail.com
C00001017,Zuri,Leia,Carrillo,637-978-8148,zuri.carrillo3245@gmail.com
C00001018,Luka,Aiden,Holloway,901-957-5531,luka.holloway45@outlook.com
C00001019,Addyson,Harlow,Townsend,942-730-1026,addyson.harlow.townsend4@gmail.com
C00001020,Aleah,Blake,Wise,579-102-8353,aleah.wise6@gmail.com
C00001021,Jakob,Logan,Summers,789-353-5787,jakob.summers@outlook.com
C00001022,Winston,Matthew,Bryan,926-613-9719,winston.bryan88@hotmail.com
C00001023,Justice,Lucas,Petersen,212-428-7323,justice.petersen@outlook.com
C00001024,Alonzo,Jackson,Mckenzie,376-094-4689,alonzo.mckenzie@yahoo.com
C00001025,Curtis,David,Serrano,253-486-2994,curtis.serrano@gmail.com
C00001026,Aarav,Oliver,Wilcox,508-852-6449,aarav.wilcox@gmail.com
C00001027,Kaia,Jayleen,Ingram,212-231-4298,kaia.ingram@outlook.com
C00001028,Gustavo,Jayden,Carey,212-071-9724,gustavo.carey@gmail.com
C00001029,Bristol,Angelica,Barton,212-333-2794,bristol.barton@outlook.com
C00001030,Royce,Joseph,Clayton,212-154-6319,royce.clayton@gmail.com
C00001031,Lorelei,Marilyn,Mejia,422-366-4554,lorelei.mejia@hotmail.com
C00001032,Jazmine,Viviana,Ayala,212-756-1925,jazmine.ayala@gmail.com
C00001033,Asa,Gabriel,Poole,212-310-1819,asa.poole@gmail.com
C00001034,Maeve,Francesca,Schroeder,177-637-4505,maeve.schroeder@gmail.com
C00001035,Alejandra,Juniper,Hampton,243-994-7577,alejandra.hampton@gmail.com
C00001036,Gannon,Samuel,Calderon,730-979-0332,gannon.calderon@outlook.com
C00001037,Justice,Carolina,Rowe,212-960-1540,justice.rowe@gmail.com
C00001038,Julie,Jazmin,Parsons,978-831-5722,julie.parsons@outlook.com
C00001039,Marlee,Emely,Frank,109-943-9230,marlee.frank@gmail.com
C00001040,Kyson,Carter,Gallegos,212-138-8605,kyson.gallegos2@hotmail.com
C00001041,Hank,Anthony,Greer,728-364-2957,hank.greer@gmail.com
C00001042,Phoenix,Maliyah,Waters,502-681-3452,phoenix.waters@gmail.com
C00001043,Izaiah,John,Rivas,160-367-5815,izaiah.rivas@outlook.com
C00001044,Jimena,Cataleya,Strickland,617-714-7934,jimena.cataleya.strickland@gmail.com
C00001045,Emmalyn,Jillian,Osborne,781-869-3580,emmalyn.osborne@gmail.com
C00001046,Roy,Dylan,Guerra,212-018-3757,roy.guerra@outlook.com
C00001047,Nayeli,Joy,Maxwell,557-976-6902,nayeli.maxwell3@hotmail.com
C00001048,Aleena,Abby,Chan,348-390-0382,aleena.chan@outlook.com
C00001049,Raphael,Luke,Decker,212-415-9445,raphael.decker@yahoo.com
C00001050,Brittany,Malaysia,Deleon,545-244-9922,brittany.deleon@gmail.com
C00001051,Amara,Nylah,Norman,175-890-9056,amara.norman@gmail.com